{
  "items": [
    {
      "id": 1,
      "name": "Playstation 4",
      "description": "Like new",
      "category": "video consoles",
      "price": 1000
    },
    {
      "id": 2,
      "name": "Red jacket",
      "description": "with green buttons",
      "category": "clothes",
      "price": 1200
    },
    {
      "id": 3,
      "name": "Blue Jeans",
      "description": "Slim fit, size small",
      "category": "clothes",
      "price": 500
    },
    {
      "id": "4",
      "name": "Nintendo Wii U",
      "description": "good condition",
      "category": "video consoles",
      "price": "500 kr",
      "seller": "kawe21ad@student.cbs.dk"
    },
    {
      "id": "5",
      "name": "Mercedes A2000 d",
      "description": "New",
      "category": "cars",
      "price": "260.000 kr",
      "seller": "kawe21ad@student.cbs.dk"
    },
    {
      "id": "5",
      "name": "Yellow Dotted Dress",
      "description": "Very pretty, size s",
      "category": "clothes",
      "price": "799 kr",
      "seller": "kawe21ad@student.cbs.dk"
    },
    {
      "id": "6",
      "name": "Red Skirt",
      "description": "Very pretty, size m",
      "category": "clothes",
      "price": "449 kr",
      "seller": "Sara@student.cbs.dk"
    },
    {
      "id": "7",
      "name": "Green Hat",
      "description": "Quite ugly, unisize",
      "category": "clothes",
      "price": "5 kr",
      "seller": "Alex@student.cbs.dk"
    }
  ]
}