{
  "users": [
    {
      "email": "kawe21ad@student.cbs.dk",
      "password": "153264"
    },
    {
      "email": "Alex@student.cbs.dk",
      "password": "2222"
    },
    {
      "email": "Frederik@student.cbs.dk",
      "password": "3333"
    },
    {
      "email": "Jonathan@student.cbs.dk",
      "password": "4444"
    },
    {
      "email": "Sara@student.cbs.dk",
      "password": "5555"
    },
    {
      "email": "Mille@student.cbs.dk",
      "password": "6666"
    },
    {
      "email": "Rasmus@student.cbs.dk",
      "password": "7777"
    }
  ]
}